{"accuracy": 0.5830313182469297, "test/train acc": 1.0034030433707548, "precision": [0.5830313182469297, 0.0], "recall": [1.0, 0.0], "f1": [0.7366011165118154, 0.0], "support": [74484, 53269]}