{"accuracy": 0.6315937786196801, "test/train acc": 0.8447693254151829, "precision": [0.6764891412093359, 0.5619483164915925], "recall": [0.7055072230277644, 0.5282434436539075], "f1": [0.6906935325933374, 0.5445748623515865], "support": [74484, 53269]}